1,Mikel,Francisco,28/01/2021
2,Man,Randall,16/12/2020
3,Sandie,Huckstepp,33/10/2019
4,Abran,England,12/11/2020
5,Birk,Dotson,02/09/2020
6,Barthel,
7,Amerigo,Rickard,24/11/2020
8,Benjie,Doge,30/02/2019
9,Jaime,Kores,20/01/2021
10,Teddi,Bote,30/01/2021
11,Alasdair,Fullerlove,17/10/2020
12,Betteanne,Duggon,05/02/2021
13,Chiquia,Canter,30/07/2021
14,Sigismondo,Tisun,02/10/2020
15,Brit,Maybery,09/03/2021
16,Erich,Grendon,01/01/2021
17,Nettie,Largent,07/04/2021
18,Maximilian,Hierro,01/07/2021
19,Trumann,Rubinovici,20/03/2021
20,Georgianne,O'Dunneen,23/11/2020
21,Any,Treagust,04/12/2020
22,Arron,Meddick,01/09/2020
23,Genevra,Keat,09/12/2020
24,Kennie,Isakowicz,15/05/2021
25,Noellyn,Omrod
26,Daloris,Wellstead,14/04/2021
27,Olivero,Precious,08/02/2021
28,Faina,Lean,27/09/2020
29,Frans,Duddell,09/12/2020
30,Hephzibah,Killshaw,06/06/2021
31,Kerry,Rainforth,04/02/2021
32,Felice,Joire,06/12/2020
33,Elihu,Stirgess,26/05/2021
34,Harmonia,Haysham,11/08/2021
35,Porter,Rallinshaw,18/11/2020
36,Noble,Duchateau,01/01/2022
37,Danice,Gutridge,17/05/2021
38,Gilbertina,Baison,-10/10/2019
39,Pamela,Gonning,04/04/2021
40,Susi,Petrovykh,29/03/2021
41,Sherie,Chevers,03/10/2020
42,Lesli,Redihalgh,30/04/2021
43,Lacee,Eltone,19/01/2021
44,Timmie,Hugli,17/02/2021
45,Anabella,Locard,18/02/2021
46,Mehetabel,Sitlington,15/11/2020
47,Marleen,Durbridge,12/08/2021
48,Zondra,Bulger,12/10/2020
49,Kath,Gruszka,05/04/2021
50,Renard,Woodhead,
51,Mallory,Suerz,07/12/2020
52,Adria,Borrie,18/03/2021
53,Jessalin,Macon,30/06/2021
54,Reyna,Abrahm,15/08/2021
55,Jessica,MacCallion,28/10/2020
56,Winnah,Morter,11/01/2021
57,Cullan,Depke,07/03/2021
58,Ric,Hallgarth,08/06/2021
59,Beauregard,Crew,06/03/2021
60,Bartie,Readitt,28/05/2021
61,Sebastiano,Weightman,14/03/2021
62,Janot,Itzak,10/09/2020
63,Maegan,Tayler,31/05/2021
64,Hildagard,Ringrose,09/08/2021
65,Bail,Bohey,07/07/2021
66,Kelvin,Hemerijk,08/07/2021
67,Alford,Deverson,16/07/2021
68,Jolyn,Doogood,27/09/2020
69,Eleanora,Marryatt,02/05/2021
70,Meg,Narramor,03/05/2021
71,Lorita,Rylatt,22/10/2020
72,Tuck,Frodsham,29/09/2020
73,Minna,Button,11/12/2020
74,Victoria,McAuslan,06/04/2021
75,Pepito,Boylund,24/02/2021
76,Rollie,Kytter,11/07/2021
77,Jo ann,Leyre,04/01/2021
78,Stevena,Clemanceau,24/07/2021
79,Omero,Cheeke,12/09/2020
80,Tami,Gunthorp,24/05/2021
81,Emelita,Lerhinan,08/10/2020
82,Coleen,Ovize,21/08/2021
83,Biddy,Isted,02/03/2021
84,Delainey,Biggin,11/08/2021
85,Teresina,Skough,20/03/2021
86,Dorthea,Lohering,26/03/2021
87,Danielle,Maccraw,07/10/2020
88,Nicolea,Brader,12/06/2021
89,Johnnie,Fairbourne,29/06/2021
90,Cortie,Sunners,06/03/2021
91,Helga,Sketchley,01/03/2021
92,Tammi,Renfield,25/08/2020
93,Beckie,Cockell,17/05/2021
94,Odo,Trew,06/08/2021
95,Kaylyn,Youthed,15/02/2021
96,Bobbie,Arrowsmith,17/03/2021
97,Nata,Towl,24/03/2021
98,Isidore,Humpherson,21/09/2020
99,Gayle,Canning,05/03/2021
100,Brooke,Gartside,27/05/2021
